,city,temp,cloudiness,country,date,humidity,lat,lng,max temp,wind speed
0,jamestown,44.83,75.0,US,1586232291.0,26.0,42.1,-79.24,48.0,1.34
1,dikson,-2.18,52.0,RU,1586232530.0,92.0,73.51,80.55,-2.18,9.55
2,bandarbeyla,78.8,0.0,SO,1586232531.0,67.0,9.49,50.81,78.8,5.21
3,pital,70.14,91.0,CO,1586232532.0,59.0,2.27,-75.8,70.14,1.45
4,port elizabeth,57.2,60.0,ZA,1586232533.0,47.0,-33.92,25.57,57.2,23.04
5,geraldton,84.2,59.0,AU,1586232535.0,45.0,-28.77,114.6,84.2,8.05
6,busselton,83.93,32.0,AU,1586232536.0,22.0,-33.65,115.33,84.99,11.32
7,mataura,54.0,41.0,NZ,1586232537.0,75.0,-46.19,168.86,54.0,21.0
8,asosa,73.78,56.0,ET,1586232538.0,28.0,10.07,34.53,73.78,3.09
9,waingapu,87.19,100.0,ID,1586232540.0,62.0,-9.66,120.26,87.19,4.27
10,tuktoyaktuk,17.6,75.0,CA,1586232541.0,85.0,69.45,-133.04,17.6,13.87
11,mehamn,30.72,75.0,NO,1586232542.0,86.0,71.04,27.85,33.8,13.87
12,ushuaia,48.2,75.0,AR,1586232543.0,70.0,-54.8,-68.3,48.2,3.36
13,taolanaro,78.62,0.0,BJ,1586232545.0,65.0,9.34,2.63,78.62,8.61
14,parakou,80.08,40.0,MU,1586232546.0,78.0,-20.41,57.7,82.0,11.41
15,mahebourg,27.66,1.0,US,1586232548.0,46.0,59.64,-151.55,30.99,12.75
16,hunza,76.5,92.0,PY,1586232549.0,75.0,-19.93,-60.77,76.5,13.11
17,homer,73.4,90.0,TO,1586232550.0,94.0,-21.2,-175.2,73.4,5.82
18,mayor pablo lagerenza,39.87,0.0,MN,1586232551.0,34.0,46.68,113.28,39.87,6.35
19,vaini,50.0,100.0,CL,1586232553.0,81.0,-53.15,-70.92,50.0,18.34
20,baruun-urt,51.8,0.0,HR,1586232554.0,43.0,43.44,16.69,51.8,5.68
21,punta arenas,34.18,100.0,RU,1586232555.0,90.0,50.68,156.12,34.18,38.56
22,omis,60.4,75.0,AU,1586232397.0,51.0,-42.88,147.33,63.0,6.93
23,severo-kurilsk,83.03,96.0,ID,1586232558.0,68.0,-3.8,102.27,83.03,6.78
24,hobart,60.76,19.0,MX,1586232559.0,66.0,27.98,-114.06,60.76,11.61
25,bengkulu,67.28,74.0,ZM,1586232560.0,55.0,-15.75,26.44,67.28,1.45
26,guerrero negro,24.8,40.0,CA,1586232561.0,62.0,54.27,-110.73,24.8,5.82
27,namwala,87.4,40.0,MY,1586232563.0,74.0,5.33,103.14,87.8,4.7
28,bonnyville,61.47,75.0,JP,1586232564.0,54.0,35.73,140.83,64.0,5.82
29,kuala terengganu,78.46,0.0,NE,1586232565.0,15.0,18.69,12.92,78.46,13.69
30,hasaki,43.56,90.0,US,1586232566.0,29.0,42.6,-73.97,48.2,6.93
31,mys shmidta,59.97,75.0,AU,1586232568.0,51.0,-42.78,147.06,63.0,6.93
32,bilma,47.95,20.0,US,1586232569.0,76.0,34.64,-120.46,51.8,4.7
33,albany,53.55,0.0,AR,1586232570.0,42.0,-43.3,-65.1,53.55,12.93
34,new norfolk,80.28,100.0,VU,1586232571.0,84.0,-19.55,169.27,80.28,24.09
35,lompoc,48.24,90.0,US,1586232573.0,76.0,44.9,-89.77,48.99,8.05
36,rawson,70.97,75.0,US,1586232574.0,65.0,19.73,-155.09,80.6,5.82
37,sentyabrskiy,17.13,91.0,GL,1586232575.0,83.0,65.42,-52.9,17.13,9.15
38,isangel,30.2,100.0,GL,1586232577.0,92.0,65.61,-37.64,30.2,10.29
39,marathon,75.7,0.0,MR,1586232578.0,21.0,20.52,-13.05,75.7,9.51
40,nizhneyansk,45.57,81.0,FO,1586232579.0,73.0,61.47,-6.81,45.57,25.34
41,hilo,64.4,75.0,PT,1586232581.0,93.0,38.73,-27.07,64.4,19.15
42,maniitsoq,54.0,43.0,NZ,1586232582.0,75.0,-46.6,168.33,54.0,21.0
43,tasiilaq,41.0,43.0,FO,1586232583.0,93.0,62.23,-6.59,41.0,25.28
44,atar,89.29,20.0,MY,1586232308.0,62.0,5.41,100.34,89.6,5.82
45,vagur,32.22,100.0,RU,1586232585.0,98.0,65.7,82.47,32.22,5.64
46,praia da vitoria,82.47,3.0,PF,1586232587.0,77.0,-9.8,-139.03,82.47,16.31
47,bluff,84.2,75.0,CK,1586232588.0,74.0,-21.21,-159.78,84.2,5.82
48,klaksvik,47.84,1.0,US,1586232589.0,56.0,41.37,-73.41,55.0,4.34
49,georgetown,27.0,0.0,RU,1586232590.0,63.0,50.95,43.74,27.0,8.01
50,krasnoselkup,14.0,90.0,US,1586232463.0,78.0,64.84,-147.72,16.0,9.17
51,atuona,80.33,40.0,MU,1586232593.0,78.0,-20.34,57.76,82.0,11.41
52,avarua,56.44,100.0,NZ,1586232539.0,81.0,-45.87,170.5,57.0,1.01
53,bethel,82.4,40.0,PA,1586232596.0,69.0,9.52,-79.03,82.4,8.05
54,yelan,6.8,90.0,US,1586232302.0,77.0,71.29,-156.79,6.8,19.46
55,tsihombe,83.14,40.0,VN,1586232598.0,69.0,13.08,109.3,83.14,7.09
56,fairbanks,24.8,90.0,CA,1586232599.0,73.0,49.78,-74.85,24.8,5.82
57,bambous virieux,71.78,75.0,AU,1586232521.0,83.0,-28.87,153.57,75.2,12.75
58,dunedin,51.8,66.0,ZA,1586232602.0,81.0,-34.53,20.04,51.8,9.17
59,tubuala,60.49,1.0,US,1586232603.0,82.0,40.8,-96.67,64.0,10.29
60,barrow,75.94,75.0,US,1586232604.0,94.0,26.48,-97.78,78.01,4.7
61,tuy hoa,6.46,0.0,GL,1586232606.0,74.0,77.48,-69.36,6.46,5.86
62,attawapiskat,23.0,41.0,GL,1586232607.0,49.0,60.72,-46.03,23.0,1.12
63,chapais,53.92,75.0,AR,1586232609.0,87.0,-38.0,-57.56,55.99,5.82
64,ballina,78.8,21.0,AU,1586232610.0,69.0,-24.87,113.63,78.8,14.99
65,bredasdorp,60.46,73.0,CN,1586232611.0,32.0,38.07,116.57,60.46,19.75
66,a,76.42,99.0,PF,1586232612.0,69.0,-23.12,-134.97,76.42,8.48
67,lincoln,77.0,0.0,SA,1586232335.0,36.0,24.47,39.61,77.0,2.3
68,raymondville,80.47,100.0,GF,1586232615.0,82.0,5.38,-52.95,80.47,13.96
69,krasnoyarsk-66,59.81,46.0,ZA,1586232617.0,56.0,-33.59,26.89,59.81,29.26
70,qaanaaq,53.01,87.0,ZA,1586232618.0,75.0,-34.42,19.23,53.01,1.01
71,qaqortoq,76.5,81.0,CM,1586232619.0,84.0,2.95,9.92,76.5,4.68
72,mar del plata,8.6,53.0,GL,1586232620.0,60.0,69.22,-51.1,8.6,4.7
73,carnarvon,62.6,75.0,JP,1586232622.0,38.0,36.3,139.8,64.99,6.93
74,botou,87.8,40.0,IN,1586232623.0,74.0,16.57,81.2,87.8,2.24
75,rikitea,80.6,100.0,GF,1586232624.0,88.0,4.93,-52.33,80.6,5.82
76,medina,80.01,35.0,EC,1586232626.0,87.0,-0.74,-90.35,80.01,4.74
77,sinnamary,91.4,75.0,AU,1586232627.0,49.0,-12.49,130.98,91.4,8.05
78,port alfred,42.8,90.0,US,1586232628.0,34.0,41.59,-109.2,42.8,3.36
79,hermanus,9.77,48.0,RU,1586232629.0,86.0,69.38,178.42,9.77,4.52
80,kribi,67.12,41.0,BR,1586232631.0,80.0,-30.18,-50.21,67.12,19.84
81,ilulissat,29.55,100.0,RU,1586232632.0,97.0,71.92,114.08,29.55,6.04
82,marcona,24.55,75.0,CA,1586232364.0,68.0,62.46,-114.35,25.0,8.05
83,oyama,56.73,0.0,NP,1586232634.0,14.0,29.27,82.18,56.73,1.63
84,kaikalur,23.95,100.0,RU,1586232636.0,92.0,59.97,42.76,23.95,5.95
85,cayenne,37.4,1.0,US,1586232637.0,32.0,57.79,-152.41,37.4,9.17
86,amderma,73.26,0.0,ML,1586232638.0,15.0,20.2,1.01,73.26,11.56
87,puerto ayora,33.8,5.0,CA,1586232804.0,50.0,48.47,-81.33,33.8,6.93
88,palmerston,65.66,40.0,PT,1586232805.0,93.0,33.08,-16.33,66.2,2.24
89,rock springs,4.33,55.0,RU,1586232806.0,92.0,70.63,147.92,4.33,13.4
90,leningradskiy,23.0,90.0,CA,1586232807.0,73.0,55.74,-97.86,23.0,10.29
91,cidreira,83.41,39.0,LK,1586232809.0,67.0,7.71,81.69,83.41,3.6
92,saskylakh,76.37,75.0,US,1586232810.0,78.0,21.35,-158.09,78.8,11.41
93,yellowknife,65.86,75.0,ES,1586232811.0,72.0,28.12,-16.73,70.0,4.7
94,jumla,10.0,0.0,GL,1586232813.0,92.0,72.79,-56.15,10.0,9.8
95,totma,37.4,7.0,RU,1586232814.0,32.0,66.0,111.5,37.4,6.71
96,kodiak,42.64,24.0,GB,1586232815.0,93.0,50.15,-5.07,46.0,11.41
97,mendahara,87.8,75.0,PW,1586232817.0,66.0,7.04,134.26,87.8,10.29
98,tessalit,49.28,90.0,US,1586232818.0,93.0,40.6,-124.16,51.01,8.97
99,timmins,83.26,97.0,KI,1586232819.0,69.0,3.07,172.79,83.26,3.33
100,camacha,55.0,47.0,NZ,1586232821.0,72.0,-46.13,167.68,55.0,21.0
101,chokurdakh,33.28,62.0,RU,1586232822.0,86.0,59.7,30.79,33.8,4.47
102,thompson,71.6,54.0,AU,1586232824.0,60.0,-33.87,121.9,71.6,12.75
103,batticaloa,81.86,100.0,NU,1586232716.0,73.0,-19.06,-169.92,81.86,8.84
104,makakilo city,52.0,40.0,ZA,1586232578.0,81.0,-33.93,18.42,54.0,4.7
105,adeje,23.0,90.0,CA,1586232827.0,92.0,55.1,-105.28,23.0,6.93
106,upernavik,62.6,90.0,PT,1586232829.0,100.0,37.72,-25.43,62.6,12.75
107,aykhal,72.34,8.0,AO,1586232830.0,67.0,-15.2,12.15,72.34,5.32
108,falmouth,56.57,75.0,JP,1586232831.0,50.0,34.67,138.95,57.2,8.05
109,kloulklubed,51.26,0.0,CL,1586232833.0,70.0,-37.62,-73.65,51.26,14.12
110,fortuna,50.0,0.0,AF,1586232763.0,87.0,34.5,62.0,50.0,3.36
111,butaritari,83.62,30.0,PF,1586232835.0,74.0,-16.48,-151.75,83.62,12.26
112,illoqqortoormiut,69.6,80.0,CN,1586232837.0,73.0,22.81,115.83,69.6,8.3
113,solovetskiy,43.32,1.0,US,1586232792.0,81.0,41.28,-70.1,46.0,10.29
114,tuatapere,28.11,100.0,RU,1586232839.0,96.0,71.97,102.5,28.11,7.43
115,nikolskoye,88.68,84.0,ID,1586232841.0,57.0,-3.54,118.97,88.68,2.13
116,esperance,71.37,68.0,PE,1586232842.0,80.0,-11.1,-77.61,71.37,4.97
117,alofi,66.69,36.0,MG,1586232843.0,85.0,-22.28,44.52,66.69,3.06
118,cape town,78.01,1.0,US,1586232845.0,74.0,22.08,-159.32,78.8,10.29
119,la ronge,62.74,20.0,PT,1586232846.0,88.0,32.67,-17.1,64.4,2.24
120,vila franca do campo,29.61,75.0,IS,1586232793.0,92.0,64.14,-21.9,30.2,19.46
121,namibe,54.19,90.0,US,1586232849.0,67.0,33.85,-118.05,59.0,3.36
122,shimoda,52.5,0.0,UY,1586232850.0,71.0,-34.48,-54.33,52.5,10.22
123,lebu,81.41,98.0,BR,1586232851.0,86.0,-0.61,-47.36,81.41,11.88
124,herat,18.81,100.0,RU,1586232853.0,95.0,68.75,161.3,18.81,14.76
125,faanui,26.15,100.0,CA,1586232854.0,97.0,51.23,-58.65,26.15,7.78
126,jieshi,46.15,1.0,US,1586232855.0,52.0,41.8,-73.12,52.0,5.28
127,nantucket,40.87,51.0,IE,1586232857.0,81.0,55.25,-7.27,40.87,10.63
128,khatanga,75.15,57.0,CF,1586232858.0,15.0,10.28,22.79,75.15,3.74
129,majene,61.36,10.0,ZA,1586232771.0,57.0,-33.02,27.91,61.36,21.99
130,hualmay,23.0,75.0,CA,1586232860.0,49.0,68.22,-135.01,23.0,11.41
131,ankazoabo,46.4,90.0,AM,1586232862.0,75.0,39.72,45.65,46.4,11.41
132,kapaa,10.4,67.0,RU,1586232863.0,66.0,64.38,-173.3,10.4,4.47
133,ponta do sol,71.8,58.0,TL,1586232864.0,56.0,-8.93,125.41,71.8,3.11
134,reykjavik,55.04,20.0,US,1586232857.0,47.0,37.1,-113.58,61.0,3.36
135,la palma,30.2,75.0,IS,1586232867.0,100.0,63.84,-22.43,30.2,23.04
136,rocha,56.89,0.0,CL,1586232868.0,41.0,-35.33,-72.42,56.89,7.49
137,salinopolis,23.0,78.0,GL,1586232870.0,49.0,60.92,-46.05,23.0,1.12
138,cherskiy,61.16,100.0,BR,1586232871.0,73.0,-24.79,-50.01,61.16,1.74
139,saint-augustin,26.1,0.0,RU,1586232873.0,91.0,59.38,143.3,26.1,11.7
140,torrington,55.0,24.0,AR,1586232874.0,70.0,-38.55,-58.74,55.0,8.99
141,carndonagh,75.7,64.0,BR,1586232875.0,86.0,-22.97,-42.03,75.7,22.46
142,birao,15.71,5.0,RU,1586232876.0,94.0,68.05,39.51,15.71,11.1
143,east london,87.42,29.0,ID,1586232878.0,58.0,0.13,117.5,87.42,6.29
144,aklavik,35.76,5.0,IT,1586232879.0,80.0,46.62,10.7,44.01,4.7
145,saravan,47.64,4.0,ZA,1586232880.0,45.0,-30.65,24.01,47.64,10.2
146,provideniya,51.8,40.0,TR,1586232882.0,93.0,36.62,29.12,51.8,4.7
147,airai,32.59,0.0,IT,1586232883.0,92.0,46.46,10.35,44.01,1.12
148,saint george,89.28,49.0,ID,1586232884.0,53.0,-8.47,140.33,89.28,5.32
149,vaitupu,17.13,100.0,RU,1586232886.0,95.0,71.69,128.87,17.13,5.1
150,grindavik,77.0,100.0,AU,1586232887.0,25.0,-25.24,130.99,77.0,12.75
151,constitucion,78.8,20.0,TG,1586232888.0,83.0,6.12,1.19,78.8,3.36
152,narsaq,32.0,40.0,IS,1586232890.0,89.0,66.04,-17.34,32.0,36.91
153,castro,71.4,90.0,MX,1586232602.0,38.0,22.89,-109.91,73.4,4.7
154,okhotsk,85.12,60.0,ID,1586232892.0,69.0,-2.68,111.62,85.12,4.76
155,necochea,75.76,60.0,BR,1586232893.0,98.0,-2.54,-57.76,75.76,2.1
156,arraial do cabo,47.39,20.0,US,1586232895.0,93.0,38.42,-121.42,52.0,2.06
157,ostrovnoy,83.7,7.0,ID,1586232896.0,70.0,1.17,108.97,83.7,4.52
158,bontang,69.26,40.0,HK,1586232845.0,72.0,22.29,114.16,71.01,3.36
159,lasa,62.87,50.0,NZ,1586232899.0,71.0,-39.2,173.88,64.99,8.99
160,we,35.71,45.0,GB,1586232900.0,96.0,51.03,-4.22,37.99,1.99
161,de aar,77.0,75.0,GA,1586232902.0,94.0,1.0,9.58,77.0,2.24
162,fethiye,65.71,44.0,NZ,1586232903.0,73.0,-35.62,174.5,68.0,5.99
163,oga,39.2,97.0,CL,1586232904.0,86.0,-41.87,-73.82,39.2,6.93
164,merauke,27.03,0.0,RU,1586232905.0,91.0,57.86,45.78,27.03,6.98
165,tiksi,50.7,99.0,IR,1586232907.0,42.0,36.17,54.35,50.7,3.51
166,yulara,12.85,96.0,GL,1586232908.0,82.0,66.94,-53.67,12.85,6.64
167,aflao,46.4,100.0,KZ,1586232772.0,70.0,51.18,71.45,46.4,13.42
168,husavik,43.95,90.0,FR,1586232910.0,100.0,50.92,1.83,50.0,4.7
169,cabo san lucas,39.18,84.0,CN,1586232912.0,60.0,46.68,126.08,39.18,16.33
170,pangkalanbuun,83.28,0.0,IN,1586232913.0,30.0,25.52,90.22,83.28,7.31
171,urucara,42.71,35.0,AR,1586232914.0,44.0,-41.15,-71.31,44.01,6.93
172,laguna,81.77,0.0,PK,1586232916.0,31.0,28.28,68.44,81.77,10.47
173,pemangkat,41.0,75.0,NO,1586232917.0,93.0,68.12,13.5,41.0,12.75
174,victoria,71.73,94.0,PE,1586232919.0,77.0,-17.02,-72.01,71.73,5.68
175,okato,62.91,75.0,MX,1586232920.0,77.0,29.57,-104.42,64.4,4.7
176,northam,84.78,81.0,SB,1586232921.0,72.0,-8.77,160.7,84.78,4.43
177,cocobeach,54.72,0.0,TR,1586232922.0,62.0,36.37,30.29,54.72,3.31
178,ngunguru,53.69,1.0,US,1586232924.0,66.0,41.12,-100.77,57.99,9.62
179,ancud,35.6,0.0,IT,1586232925.0,93.0,40.9,9.1,35.6,2.24
180,vetluga,80.44,75.0,AU,1586232926.0,54.0,-25.3,152.85,82.0,13.87
181,damghan,63.45,97.0,PT,1586232928.0,90.0,38.52,-28.7,63.45,15.66
182,sisimiut,54.23,40.0,PT,1586232929.0,100.0,42.03,-8.16,60.01,3.36
183,astana,52.16,92.0,ES,1586232931.0,97.0,43.42,-4.75,54.0,7.54
184,calais,48.2,0.0,RU,1586232932.0,29.0,62.54,113.96,48.2,8.95
185,qinggang,55.99,89.0,NZ,1586232933.0,84.0,-46.28,169.85,55.99,12.66
186,tura,75.2,40.0,LR,1586232870.0,94.0,6.3,-10.8,75.2,7.52
187,san carlos de bariloche,69.33,57.0,NZ,1586232936.0,52.0,-36.4,174.67,72.0,9.17
188,jacobabad,28.4,5.0,CA,1586232937.0,74.0,48.75,-79.0,28.4,2.24
189,gravdal,78.8,20.0,BR,1586232939.0,88.0,-5.2,-35.46,78.8,3.36
190,mollendo,86.0,20.0,LK,1586232940.0,79.0,6.77,79.88,86.0,6.93
191,one hundred mile house,53.46,75.0,US,1586232690.0,66.0,45.52,-122.68,57.99,4.7
192,ojinaga,81.25,40.0,MU,1586232943.0,74.0,-20.52,57.52,82.0,12.75
193,auki,57.2,60.0,UZ,1586232944.0,82.0,40.56,65.69,57.2,13.87
194,kumluca,76.73,89.0,NC,1586232945.0,81.0,-22.67,167.48,76.73,15.19
195,north platte,70.65,8.0,RE,1586232947.0,73.0,-21.36,55.77,78.8,9.17
196,tempio pausania,69.13,75.0,AU,1586232948.0,64.0,-32.72,152.15,72.0,12.75
197,hervey bay,13.1,99.0,RU,1586232949.0,94.0,66.03,60.17,13.1,9.01
198,ribeira grande,53.6,100.0,FR,1586232951.0,93.0,46.17,-1.15,53.6,6.93
199,vila,63.66,1.0,US,1586232952.0,82.0,37.24,-97.0,66.0,8.05
200,llanes,74.16,20.0,DO,1586232953.0,94.0,18.43,-68.97,77.0,10.94
201,mirnyy,76.01,100.0,BR,1586232954.0,84.0,-14.41,-56.45,76.01,1.52
202,chagda,82.31,69.0,NE,1586232955.0,14.0,13.32,12.61,82.31,3.24
203,kaitangata,59.85,75.0,PT,1586232957.0,93.0,39.36,-9.38,61.0,4.7
204,monrovia,77.0,40.0,BR,1586232958.0,94.0,-9.67,-35.74,77.0,4.7
205,warkworth,71.6,75.0,JP,1586232959.0,94.0,24.34,124.16,71.6,5.82
206,macamic,47.35,0.0,RU,1586232961.0,39.0,50.27,85.61,47.35,4.25
207,touros,54.07,99.0,TR,1586232962.0,57.0,37.08,41.07,54.07,2.26
208,moratuwa,15.8,75.0,SJ,1586232963.0,72.0,78.22,15.64,15.8,8.05
209,portland,75.96,92.0,GF,1586232965.0,90.0,3.17,-52.32,75.96,3.15
210,souillac,75.22,0.0,MX,1586232966.0,82.0,23.17,-97.95,78.01,1.01
211,grand river south east,59.0,0.0,EG,1586232967.0,72.0,27.18,31.18,59.0,11.41
212,nurota,87.3,28.0,IN,1586232968.0,19.0,27.92,96.17,87.3,2.75
213,vao,77.2,90.0,AU,1586232970.0,78.0,-16.92,145.77,80.01,9.17
214,saint-philippe,45.99,40.0,CA,1586232971.0,57.0,49.17,-123.94,50.0,3.36
215,nelson bay,68.0,90.0,JP,1586232972.0,60.0,28.37,129.48,68.0,3.36
216,inta,83.32,19.0,MM,1586232974.0,59.0,20.15,92.9,83.32,2.68
217,la rochelle,51.35,47.0,RU,1586232975.0,61.0,51.6,82.29,51.35,4.68
218,winfield,81.75,0.0,ML,1586232976.0,12.0,14.73,-6.12,81.75,11.1
219,la romana,63.39,20.0,MX,1586232978.0,69.0,17.22,-93.15,63.39,2.3
220,diamantino,84.2,20.0,PH,1586232979.0,79.0,18.47,120.58,84.2,9.17
221,diffa,42.93,75.0,NO,1586232982.0,87.0,63.66,9.57,44.6,13.87
222,peniche,11.79,12.0,CA,1586232983.0,73.0,66.15,-65.71,11.79,7.18
223,maceio,42.8,75.0,JP,1586232984.0,70.0,44.02,144.27,42.8,12.75
224,ishigaki,25.02,99.0,RU,1586232985.0,96.0,67.45,153.68,25.02,13.78
225,samusu,72.18,40.0,MG,1586232987.0,88.0,-13.2,49.05,72.18,3.71
226,ust-koksa,45.48,1.0,US,1586232988.0,23.0,42.16,-72.33,52.0,6.93
227,tall kayf,38.14,75.0,CN,1586232990.0,43.0,42.19,127.48,38.14,12.53
228,longyearbyen,32.56,98.0,RU,1586232991.0,94.0,45.23,147.88,32.56,19.37
229,camopi,80.98,70.0,GH,1586232733.0,83.0,4.87,-2.24,80.98,5.06
230,nuevo progreso,84.09,30.0,PF,1586232993.0,79.0,-17.73,-149.15,84.2,9.17
231,asyut,74.1,88.0,ZA,1586232994.0,87.0,-28.78,32.04,74.1,14.88
232,tezu,55.0,40.0,IL,1586232996.0,87.0,31.61,34.76,59.0,4.7
233,tumannyy,34.21,100.0,RU,1586232997.0,95.0,63.9,122.76,34.21,6.89
234,cairns,28.22,0.0,RU,1586232998.0,87.0,54.06,44.9,28.22,15.59
235,tabiauea,30.2,90.0,RU,1586232999.0,92.0,51.25,58.24,30.2,22.37
236,nanaimo,60.8,0.0,CL,1586233001.0,87.0,-27.37,-70.33,60.8,3.36
237,naze,80.6,75.0,LA,1586233002.0,61.0,16.57,104.75,80.6,4.7
238,akyab,72.07,0.0,CV,1586233004.0,80.0,14.9,-24.5,72.07,15.37
239,matameye,32.9,100.0,RU,1586233005.0,97.0,65.82,87.98,32.9,2.71
240,kurya,86.05,51.0,ID,1586233006.0,70.0,-0.88,131.25,86.05,3.96
241,sokolo,64.4,75.0,JP,1586233007.0,63.0,31.46,131.23,64.4,11.41
242,ocotepec,63.68,20.0,JP,1586233009.0,42.0,35.55,133.23,64.4,6.93
243,davila,47.44,90.0,US,1586233010.0,93.0,43.41,-124.22,50.0,8.05
244,beian,79.57,32.0,BJ,1586233011.0,70.0,7.93,1.98,79.57,5.77
245,pangnirtung,7.9,99.0,RU,1586232730.0,87.0,65.58,-171.0,7.9,1.79
246,abashiri,31.37,75.0,CA,1586233014.0,100.0,47.67,-52.73,34.0,17.22
247,srednekolymsk,77.22,89.0,PR,1586233015.0,89.0,18.49,-66.83,81.0,1.01
248,ambilobe,28.92,20.0,CA,1586233016.0,54.0,50.2,-66.38,30.2,4.7
249,palmer,65.73,47.0,NZ,1586233018.0,72.0,-35.17,173.17,65.73,7.61
250,dipkarpaz,51.57,57.0,ZA,1586233019.0,62.0,-34.0,24.73,51.57,17.29
251,songjianghe,56.55,0.0,UY,1586233020.0,63.0,-33.7,-53.46,56.55,15.08
252,kurilsk,80.58,70.0,GH,1586233022.0,86.0,4.88,-1.76,80.58,4.63
253,axim,86.54,9.0,PH,1586233023.0,52.0,11.0,122.67,86.54,9.26
254,tautira,76.71,95.0,BR,1586233024.0,92.0,-1.52,-52.58,76.71,3.13
255,richards bay,28.27,1.0,CA,1586233025.0,96.0,48.13,-78.13,32.0,10.29
256,gat,79.3,0.0,NE,1586233027.0,13.0,18.74,7.39,79.3,5.84
257,kysyl-syr,61.52,0.0,SA,1586233028.0,67.0,18.22,42.51,64.4,4.74
258,tatarskaya pishlya,59.0,90.0,AU,1586233029.0,58.0,-37.83,140.77,59.0,5.82
259,akkermanovka,33.39,62.0,TR,1586233030.0,59.0,40.17,34.37,33.39,8.55
260,copiapo,30.18,100.0,RU,1586233031.0,98.0,65.85,74.49,30.18,11.18
261,santa eulalia del rio,35.33,90.0,US,1586232819.0,69.0,57.05,-135.33,35.6,23.04
262,savannakhet,36.7,100.0,RU,1586233034.0,77.0,48.1,136.1,36.7,12.21
263,sao filipe,50.0,29.0,ZA,1586233035.0,87.0,-33.01,17.94,50.0,2.24
264,turukhansk,46.83,1.0,LU,1586233036.0,75.0,49.81,6.42,53.6,2.55
265,sorong,25.72,28.0,CA,1586232839.0,93.0,47.44,-70.5,25.72,4.41
266,kushima,77.0,84.0,CR,1586233039.0,65.0,9.42,-84.17,77.0,13.87
267,sakaiminato,38.98,19.0,RU,1586233040.0,40.0,50.6,97.52,38.98,0.36
268,north bend,51.8,40.0,IR,1586233041.0,81.0,34.69,50.01,51.8,9.17
269,savalou,63.99,12.0,AU,1586233042.0,64.0,-34.73,135.87,63.99,9.91
270,lavrentiya,60.8,5.0,CL,1586233044.0,77.0,-29.95,-71.34,60.8,2.24
271,torbay,27.12,8.0,GL,1586233045.0,89.0,60.14,-45.24,27.12,21.32
272,hatillo,79.11,39.0,IN,1586233046.0,31.0,30.25,75.23,79.11,7.25
273,sept-iles,3.09,20.0,CA,1586233048.0,71.0,63.75,-68.51,3.2,21.92
274,ahipara,78.35,82.0,NG,1586233049.0,77.0,7.07,6.27,78.35,7.0
275,kruisfontein,58.53,0.0,NA,1586233050.0,93.0,-22.96,14.51,60.01,5.82
276,saleaula,24.8,75.0,CA,1586233052.0,68.0,65.28,-126.83,24.8,11.41
277,chuy,37.58,1.0,US,1586233053.0,41.0,44.1,-70.21,44.01,5.37
278,bacuit,87.21,74.0,ID,1586233054.0,65.0,-6.88,112.21,87.21,2.59
279,utiroa,48.0,49.0,GR,1586233055.0,70.0,38.2,20.43,48.0,4.0
280,takoradi,36.0,100.0,NO,1586233057.0,91.0,66.4,14.52,36.0,2.46
281,dingle,77.14,88.0,BR,1586233058.0,88.0,-1.8,-53.48,77.14,3.13
282,almeirim,81.48,40.0,MU,1586233059.0,74.0,-19.98,57.61,82.0,12.75
283,malartic,76.1,79.0,IN,1586233060.0,38.0,28.17,94.77,76.1,2.86
284,arlit,29.25,47.0,RU,1586233062.0,91.0,57.8,158.67,29.25,3.24
285,abha,83.61,100.0,VU,1586233063.0,79.0,-13.88,167.55,83.61,17.85
286,mount gambier,80.6,40.0,BB,1586233065.0,78.0,13.22,-59.52,80.6,16.11
287,sungurlu,63.95,33.0,ET,1586233066.0,53.0,6.98,35.58,63.95,3.0
288,pangody,49.71,83.0,RU,1586233067.0,61.0,52.27,79.17,49.71,12.39
289,sitka,26.67,100.0,RU,1586233069.0,97.0,63.87,34.32,26.67,10.96
290,mukhen,44.6,28.0,CL,1586233070.0,81.0,-45.58,-72.07,44.6,5.82
291,saldanha,62.76,0.0,EG,1586232938.0,42.0,26.77,31.5,66.2,10.29
292,echternach,50.0,97.0,RU,1586233072.0,46.0,56.17,92.68,50.0,11.18
293,baie-saint-paul,70.05,100.0,VN,1586233073.0,88.0,18.67,105.67,70.05,7.56
294,quepos,82.62,65.0,PG,1586233075.0,78.0,-2.67,141.3,82.62,9.73
295,kungurtug,89.6,40.0,ID,1586233076.0,66.0,-3.7,128.18,89.6,6.93
296,tafresh,54.0,75.0,ES,1586233077.0,87.0,42.78,-9.06,60.01,6.93
297,port lincoln,80.15,81.0,PK,1586233078.0,65.0,24.14,67.45,80.15,9.35
298,coquimbo,87.19,54.0,ID,1586233079.0,61.0,-6.89,109.68,87.19,2.95
299,barentsburg,30.2,75.0,NO,1586233081.0,86.0,70.37,31.11,30.2,14.99
300,nanortalik,68.0,55.0,ZW,1586233082.0,68.0,-18.19,31.55,68.0,5.82
301,rampura,57.27,100.0,AU,1586233083.0,60.0,-38.27,141.97,57.27,6.55
302,phan rang,27.95,100.0,RU,1586233084.0,89.0,63.91,38.14,27.95,8.59
303,shchelyayur,84.7,38.0,PG,1586233086.0,69.0,-3.67,152.43,84.7,9.64
304,iqaluit,77.18,33.0,GH,1586232967.0,82.0,7.0,0.29,77.18,3.87
305,auchi,44.67,70.0,JP,1586232847.0,66.0,42.47,140.87,44.67,5.79
306,walvis bay,72.66,92.0,BI,1586233089.0,49.0,-3.38,29.36,72.66,0.85
307,belushya guba,56.64,1.0,US,1586233091.0,100.0,41.06,-94.36,59.0,9.17
308,norman wells,60.96,75.0,JP,1586233092.0,47.0,34.98,139.87,64.0,8.05
309,lewiston,26.38,10.0,RU,1586233093.0,89.0,59.7,150.17,26.38,2.37
310,labuhan,77.0,90.0,BR,1586232823.0,83.0,-20.33,-40.29,77.0,6.93
311,lixourion,60.8,0.0,CN,1586233096.0,14.0,39.45,75.98,60.8,8.95
312,storforshei,86.54,1.0,ID,1586233097.0,61.0,-3.33,128.92,86.54,3.33
313,prainha,43.41,64.0,GB,1586233098.0,81.0,51.79,1.16,48.0,6.93
314,cap malheureux,86.0,20.0,LK,1586233100.0,74.0,6.12,81.12,86.0,3.36
315,along,68.77,0.0,CN,1586233101.0,30.0,35.26,117.97,68.77,6.44
316,tigil,53.31,0.0,CN,1586233102.0,33.0,40.13,124.39,53.31,15.03
317,vylgort,28.49,100.0,RU,1586233103.0,97.0,62.67,131.17,28.49,2.55
318,sola,81.07,97.0,AO,1586233104.0,87.0,-5.55,12.2,81.07,7.47
319,kadykchan,25.74,36.0,RU,1586233106.0,90.0,59.58,151.28,25.74,1.81
320,bathsheba,79.48,66.0,BR,1586233107.0,86.0,-2.75,-42.83,79.48,8.25
321,mizan teferi,19.87,98.0,RU,1586233108.0,96.0,63.37,47.92,19.87,7.31
322,klyuchi,55.81,70.0,BR,1586233109.0,75.0,-28.06,-50.94,55.81,2.46
323,nadvoitsy,43.59,100.0,CA,1586233110.0,53.0,43.75,-81.72,45.0,5.41
324,coihaique,61.52,100.0,PT,1586233112.0,96.0,39.05,-27.98,61.52,18.54
325,tahta,48.07,1.0,US,1586233113.0,32.0,41.27,-73.32,55.0,3.36
326,yemelyanovo,26.6,40.0,RU,1586233114.0,92.0,69.49,88.4,26.6,17.9
327,vinh,52.74,0.0,CL,1586232986.0,76.0,-33.04,-71.63,53.6,4.7
328,vanimo,77.81,50.0,BR,1586233117.0,90.0,-2.92,-39.92,77.81,5.79
329,ambon,33.01,0.0,RO,1586233118.0,63.0,46.43,26.4,37.0,1.88
330,muros,35.19,100.0,RU,1586233119.0,62.0,46.49,135.88,35.19,2.91
331,keti bandar,22.19,72.0,IN,1586233120.0,26.0,34.17,77.58,22.19,3.38
332,pekalongan,40.21,78.0,EE,1586233122.0,71.0,59.43,26.26,40.21,11.7
333,vardo,82.67,18.0,IN,1586233123.0,21.0,28.03,74.47,82.67,10.98
334,marondera,84.06,22.0,MV,1586233124.0,66.0,-0.6,73.08,84.06,5.23
335,codrington,32.85,1.0,CA,1586233125.0,69.0,46.36,-79.93,33.8,3.0
336,onega,4.03,76.0,RU,1586233126.0,88.0,69.7,170.31,4.03,16.71
337,namatanai,76.87,0.0,ML,1586233128.0,14.0,18.44,1.41,76.87,14.09
338,kpandu,83.44,97.0,ID,1586233129.0,78.0,-4.94,122.53,83.44,4.14
339,date,23.86,56.0,RU,1586233130.0,93.0,60.41,44.24,23.86,7.61
340,alotau,75.0,20.0,PE,1586233131.0,66.0,-15.43,-74.62,75.0,2.82
341,bujumbura,33.49,94.0,IS,1586233133.0,87.0,64.89,-23.71,33.49,22.95
342,creston,23.0,87.0,CA,1586233134.0,82.0,54.12,-112.47,23.0,3.0
343,tateyama,80.6,40.0,MX,1586233135.0,94.0,14.72,-92.42,80.6,3.56
344,arman,71.91,90.0,US,1586233067.0,94.0,30.17,-96.4,73.99,4.7
345,inderborskiy,81.0,82.0,SL,1586233137.0,89.0,7.53,-12.51,81.0,5.46
346,vila velha,60.44,3.0,MX,1586233139.0,68.0,30.48,-115.95,60.44,4.68
347,kashi,72.21,99.0,CD,1586233140.0,85.0,2.18,22.47,72.21,1.57
348,umzimvubu,73.49,94.0,MX,1586233141.0,74.0,19.22,-104.7,73.49,10.94
349,amahai,38.91,8.0,FR,1586233143.0,86.0,46.42,3.91,43.0,2.06
350,clacton-on-sea,80.19,0.0,MX,1586233144.0,66.0,15.85,-97.07,80.19,4.36
351,hambantota,84.52,10.0,MV,1586233145.0,66.0,6.62,73.07,84.52,2.77
352,feicheng,79.92,0.0,MX,1586233146.0,83.0,20.87,-90.4,79.92,18.66
353,dandong,80.47,8.0,IN,1586233147.0,51.0,23.57,70.63,80.47,10.47
354,borogontsy,17.92,100.0,RU,1586233149.0,97.0,66.83,70.83,17.92,4.47
355,cabinda,87.8,40.0,AU,1586233150.0,66.0,-12.23,136.77,87.8,11.41
356,ola,71.46,100.0,BR,1586233151.0,93.0,-24.71,-47.56,71.46,5.57
357,barreirinhas,62.53,75.0,AU,1586233152.0,63.0,-35.57,138.62,68.0,12.75
358,blagoyevo,48.2,75.0,JP,1586233154.0,61.0,43.32,145.57,48.2,11.41
359,estrela,55.94,75.0,IT,1586233155.0,87.0,38.28,16.3,57.0,4.36
360,goderich,91.72,0.0,IN,1586233156.0,13.0,23.8,86.21,91.72,6.33
361,lagoa,62.56,22.0,NZ,1586233157.0,77.0,-41.41,175.52,64.4,21.92
362,fairfield,82.83,99.0,PG,1586233159.0,74.0,-2.02,147.27,82.83,2.55
363,talnakh,52.11,0.0,IT,1586233160.0,93.0,40.73,13.86,57.0,6.93
364,valparaiso,94.44,8.0,PH,1586233161.0,42.0,6.7,124.57,94.44,2.57
365,itarema,83.89,3.0,IN,1586233162.0,75.0,8.08,77.57,83.89,9.08
366,asau,82.42,1.0,PH,1586233164.0,69.0,12.22,125.48,82.42,8.68
367,vostok,84.04,97.0,MV,1586233165.0,64.0,3.78,72.97,84.04,2.04
368,leh,34.68,90.0,NO,1586233166.0,80.0,71.0,24.66,35.6,31.09
369,haljala,30.92,85.0,CA,1586233167.0,95.0,47.57,-59.14,30.92,21.68
370,rajaldesar,24.49,100.0,RU,1586233169.0,95.0,60.47,166.1,24.49,11.65
371,hithadhoo,37.4,100.0,RU,1586233170.0,95.0,60.73,77.59,37.4,15.66
372,sturgeon falls,23.18,100.0,CA,1586233171.0,84.0,60.75,-137.51,23.18,3.06
373,pevek,66.2,20.0,ES,1586233173.0,77.0,28.66,-17.92,66.2,5.82
374,kidal,75.72,96.0,BR,1586233174.0,82.0,-12.48,-49.12,75.72,2.55
375,katobu,81.48,40.0,MU,1586233175.0,74.0,-20.01,57.66,82.0,12.75
376,nyuksenitsa,61.68,97.0,ZM,1586233176.0,65.0,-9.37,30.12,61.68,1.68
377,acari,78.8,60.0,VE,1586233178.0,94.0,11.03,-63.86,78.8,19.46
378,olafsvik,34.72,100.0,IR,1586233179.0,57.0,38.48,47.07,34.72,7.58
379,smoky lake,70.34,32.0,CG,1586233180.0,83.0,1.65,14.58,70.34,2.17
380,puerto madero,34.23,100.0,RU,1586233181.0,95.0,63.76,121.62,34.23,9.48
381,brenham,15.51,100.0,RU,1586233183.0,94.0,65.99,57.53,15.51,12.57
382,bonthe,61.57,15.0,UZ,1586233184.0,59.0,40.43,71.72,62.6,2.24
383,san quintin,12.2,1.0,CA,1586233185.0,66.0,70.47,-68.59,12.2,25.28
384,bumba,54.55,100.0,IQ,1586233186.0,67.0,36.32,41.88,54.55,3.47
385,rawannawi,79.09,67.0,MX,1586233188.0,64.0,17.67,-96.13,79.09,2.82
386,san patricio,60.8,0.0,NA,1586233189.0,67.0,-26.65,15.16,60.8,21.92
387,saint-francois,67.21,0.0,AR,1586233190.0,58.0,-26.79,-60.44,67.21,7.94
388,puerto escondido,39.27,100.0,MN,1586233192.0,32.0,45.76,106.27,39.27,18.43
389,kulhudhuffushi,79.38,0.0,OM,1586233193.0,16.0,22.93,57.53,79.38,3.04
390,celestun,71.6,0.0,CV,1586233194.0,78.0,14.92,-23.51,71.6,13.87
391,rapar,63.37,54.0,AR,1586233020.0,25.0,-31.54,-68.54,63.37,6.35
392,yar-sale,79.97,7.0,PK,1586233197.0,53.0,25.12,62.33,79.97,5.08
393,nhulunbuy,62.98,99.0,AU,1586233198.0,67.0,-34.75,149.72,64.99,3.65
394,iguape,85.26,16.0,ID,1586233199.0,65.0,5.56,95.32,85.26,4.45
395,victor harbor,81.18,0.0,OM,1586233200.0,48.0,22.57,59.53,81.18,3.89
396,nemuro,43.93,55.0,GB,1586233087.0,93.0,51.38,1.39,50.0,3.94
397,siderno,77.0,75.0,BR,1586233203.0,83.0,-16.28,-39.02,77.0,2.24
398,baghmara,48.92,90.0,US,1586233002.0,76.0,34.06,-117.18,55.0,3.09
399,waipawa,53.6,54.0,KZ,1586232994.0,66.0,50.41,80.23,53.6,13.42
400,lorengau,69.91,98.0,VE,1586233206.0,64.0,7.77,-72.22,69.91,1.41
401,forio,47.55,81.0,RU,1586233208.0,51.0,45.25,133.5,47.55,4.52
402,matiompong,35.96,100.0,IS,1586233209.0,77.0,63.44,-20.27,35.96,33.06
403,kanniyakumari,38.01,100.0,RU,1586233210.0,61.0,51.12,133.02,38.01,5.06
404,alugan,39.25,49.0,RU,1586233211.0,49.0,52.47,96.11,39.25,1.86
405,mahibadhoo,6.4,40.0,US,1586233213.0,77.0,64.5,-165.41,6.8,8.05
406,havoysund,49.89,98.0,ES,1586233214.0,61.0,39.77,2.72,52.0,2.24
407,channel-port aux basques,37.4,90.0,CA,1586233215.0,51.0,58.81,-122.7,37.4,6.93
408,tilichiki,24.89,100.0,RU,1586233216.0,91.0,55.35,59.7,24.89,12.24
409,palabuhanratu,60.17,1.0,KR,1586233110.0,54.0,37.57,126.98,62.6,5.82
410,strezhevoy,72.37,76.0,MX,1586233219.0,77.0,18.73,-103.68,72.37,4.29
411,haines junction,33.35,100.0,FI,1586233220.0,88.0,66.71,27.43,33.35,8.52
412,los llanos de aridane,66.34,75.0,US,1586233221.0,72.0,38.7,-93.23,69.8,12.75
413,alvorada,69.04,1.0,CF,1586233223.0,64.0,8.08,22.4,69.04,3.53
414,grand gaube,52.68,75.0,US,1586233224.0,93.0,36.29,-76.25,55.99,4.85
415,mporokoso,33.67,81.0,TR,1586233225.0,58.0,40.91,37.68,33.67,5.7
416,la asuncion,51.69,91.0,SY,1586233226.0,77.0,35.3,37.18,51.69,7.34
417,ahar,59.29,30.0,ET,1586233228.0,54.0,7.28,36.23,59.29,1.7
418,sembe,74.41,42.0,PH,1586233229.0,86.0,20.45,121.97,74.41,21.74
419,vilyuysk,61.65,100.0,CD,1586233230.0,67.0,-10.88,26.6,61.65,0.36
420,usinsk,77.88,1.0,QA,1586233231.0,31.0,25.21,50.81,80.01,6.93
421,komsomolskiy,10.76,0.0,RU,1586233233.0,85.0,63.05,179.32,10.76,1.74
422,clyde river,71.35,20.0,PE,1586233234.0,94.0,-13.7,-76.22,71.6,4.7
423,sinjar,86.0,40.0,ID,1586233235.0,89.0,-8.19,114.97,86.0,6.93
424,aflu,51.8,0.0,IR,1586233237.0,32.0,32.87,59.22,51.8,9.17
425,ayotzintepec,73.4,90.0,PE,1586233157.0,64.0,-18.01,-70.25,73.4,2.24
426,luderitz,45.25,0.0,RU,1586233239.0,49.0,42.43,130.64,45.25,19.22
427,presidencia roque saenz pena,41.0,75.0,CA,1586233241.0,93.0,50.7,-127.42,41.0,4.7
428,mandalgovi,30.25,100.0,RU,1586233242.0,97.0,54.91,64.43,30.25,26.66
429,nizwa,39.02,0.0,GB,1586233243.0,76.0,54.08,-0.19,44.01,4.74
430,praia,29.68,100.0,CA,1586233244.0,93.0,54.77,-101.86,29.68,12.73
431,san juan,69.49,90.0,US,1586233245.0,94.0,20.89,-156.47,71.6,8.68
432,gwadar,42.31,66.0,NO,1586233247.0,75.0,62.58,6.13,44.6,19.46
433,goulburn,40.15,0.0,CH,1586233091.0,86.0,47.05,8.31,46.0,2.24
434,banda aceh,79.63,70.0,BR,1586233249.0,87.0,-3.28,-39.27,79.63,6.53
435,sur,71.55,13.0,RE,1586233251.0,73.0,-21.34,55.48,78.8,9.17
436,margate,76.21,90.0,AU,1586233184.0,78.0,-17.0,145.43,80.01,9.17
437,santa cruz cabralia,84.9,0.0,IN,1586233253.0,28.0,26.0,92.87,84.9,1.57
438,redlands,81.34,99.0,CO,1586233254.0,76.0,11.71,-72.27,81.34,18.23
439,semey,34.23,75.0,RU,1586233256.0,93.0,56.35,78.36,34.23,10.63
440,san cristobal,19.26,30.0,RU,1586233257.0,91.0,61.95,159.23,19.26,2.71
441,gornyye klyuchi,72.88,6.0,BR,1586233258.0,84.0,-9.22,-37.75,72.88,5.3
442,vestmannaeyjar,77.0,75.0,SA,1586233019.0,41.0,24.69,46.72,77.0,3.36
443,chegdomyn,51.71,1.0,US,1586233261.0,87.0,44.31,-94.46,53.6,11.41
444,toora-khem,22.32,79.0,CA,1586233262.0,92.0,51.5,-107.05,22.32,7.09
445,nome,33.49,54.0,RU,1586233263.0,93.0,63.28,118.33,33.49,8.43
446,soller,42.01,76.0,IE,1586233264.0,88.0,54.63,-8.45,42.01,5.99
447,fort nelson,63.59,1.0,US,1586233054.0,93.0,30.33,-81.66,66.99,5.66
448,magnitka,37.53,66.0,RU,1586233267.0,53.0,51.17,94.5,37.53,1.28
449,seoul,45.7,40.0,US,1586233035.0,81.0,36.62,-121.92,48.99,4.7
450,coahuayana,33.84,92.0,RU,1586233269.0,81.0,58.96,126.29,33.84,3.33
451,kemijarvi,33.76,100.0,RU,1586233271.0,96.0,63.2,75.45,33.76,21.0
452,sedalia,91.71,0.0,IN,1586233272.0,15.0,25.05,87.83,91.71,8.03
453,sorvag,55.96,43.0,ET,1586233273.0,50.0,5.65,37.37,55.96,1.19
454,ouadda,65.3,11.0,CL,1586233274.0,72.0,-25.4,-70.48,65.3,2.37
455,elizabeth city,57.2,3.0,KZ,1586233276.0,54.0,49.96,82.61,57.2,2.24
456,ordu,66.2,40.0,CN,1586233277.0,68.0,22.82,108.32,66.2,4.47
457,abu samrah,72.88,100.0,VN,1586233278.0,84.0,17.48,106.6,72.88,6.82
458,bonga,84.09,52.0,PF,1586233279.0,79.0,-17.83,-149.27,84.2,9.17
459,basco,36.66,0.0,SE,1586233281.0,74.0,60.0,15.79,41.0,4.7
460,kambove,84.07,85.0,SB,1586233282.0,75.0,-8.1,156.84,84.07,11.77
461,umm bab,51.8,12.0,AR,1586233284.0,50.0,-51.62,-69.22,51.8,12.75
462,andarab,77.0,75.0,MX,1586233285.0,73.0,20.7,-105.2,77.0,4.7
463,lolua,78.28,0.0,ML,1586233286.0,16.0,22.68,-3.98,78.28,14.38
464,beringovskiy,82.29,0.0,PH,1586233288.0,69.0,12.18,125.51,82.29,8.66
465,pisco,93.2,99.0,AU,1586233289.0,36.0,-15.77,128.73,93.2,10.29
466,banjar,63.0,40.0,CN,1586233290.0,61.0,32.44,105.82,71.01,1.99
467,halalo,60.3,88.0,UZ,1586233292.0,67.0,39.72,64.55,60.8,9.17
468,birjand,76.37,19.0,TC,1586233252.0,70.0,21.46,-71.14,76.37,12.66
469,tacna,60.01,4.0,NA,1586233294.0,91.0,-22.12,14.28,60.01,1.99
470,khasan,86.07,21.0,PG,1586233295.0,68.0,-5.22,145.8,86.07,2.46
471,port hardy,84.87,0.0,NE,1586233025.0,13.0,13.0,8.91,84.87,10.74
472,kurtamysh,85.23,87.0,ID,1586233298.0,70.0,-8.05,111.72,85.23,4.43
473,bridlington,75.83,94.0,GY,1586233299.0,87.0,8.2,-59.78,75.83,6.15
474,flin flon,74.16,77.0,CF,1586233300.0,79.0,4.8,18.13,74.16,4.41
475,kahului,83.34,1.0,NG,1586233301.0,41.0,12.41,4.49,83.34,9.44
476,roald,68.05,40.0,CN,1586233303.0,88.0,22.28,113.57,71.01,10.29
477,luzern,78.8,5.0,MX,1586233304.0,83.0,16.86,-99.89,78.8,8.05
478,toftir,77.0,71.0,AU,1586233305.0,33.0,-27.18,151.27,77.0,5.82
479,trairi,69.1,82.0,CN,1586233306.0,73.0,22.88,116.07,69.1,9.22
480,saint-pierre,48.87,1.0,US,1586233248.0,32.0,41.14,-73.36,55.99,3.36
481,manzil tamim,60.87,0.0,EG,1586233309.0,54.0,28.42,30.78,60.87,16.53
482,mareeba,80.6,75.0,BR,1586233310.0,100.0,0.04,-51.07,80.6,3.36
483,hojai,59.63,8.0,KZ,1586233311.0,50.0,45.25,77.98,59.63,5.37
484,uribia,84.7,97.0,SB,1586233312.0,75.0,-8.14,159.59,84.7,7.23
485,severnoye,76.14,7.0,SD,1586233314.0,15.0,12.35,29.25,76.14,3.58
486,evensk,43.38,9.0,RU,1586233315.0,60.0,42.73,133.08,43.38,19.48
487,inhapi,75.85,89.0,BR,1586233316.0,79.0,-6.11,-38.21,75.85,2.13
488,riyadh,85.57,67.0,ID,1586233317.0,59.0,-0.95,100.35,85.57,2.17
489,new ulm,70.9,0.0,MG,1586233319.0,83.0,-25.17,45.05,70.9,7.34
490,outlook,63.99,20.0,JP,1586233320.0,59.0,33.17,130.4,66.99,10.29
491,nyurba,42.24,67.0,GB,1586233108.0,100.0,51.13,0.26,50.0,2.55
492,killybegs,59.99,6.0,AR,1586233322.0,86.0,-26.62,-54.13,59.99,2.86
493,jacksonville,25.2,75.0,CA,1586233305.0,68.0,60.72,-135.05,26.6,10.29
494,bay-khaak,33.01,100.0,CA,1586233325.0,87.0,48.65,-53.11,33.01,11.99
495,meyungs,77.94,0.0,ML,1586233326.0,15.0,20.0,-3.0,77.94,13.11
496,pacific grove,80.37,8.0,IN,1586233327.0,28.0,29.98,75.38,80.37,5.28
497,tommot,63.0,95.0,AU,1586233329.0,59.0,-37.88,147.98,63.0,7.0
498,noyabrsk,72.84,70.0,PE,1586233330.0,80.0,-6.84,-79.93,72.84,10.45
499,rajmahal,42.98,47.0,FR,1586233331.0,81.0,49.58,0.33,46.0,4.7
500,gidole,75.76,99.0,BR,1586233332.0,97.0,-3.29,-45.17,75.76,1.79
501,taltal,45.9,100.0,TM,1586233334.0,55.0,39.51,54.37,45.9,2.93
502,oskemen,64.4,90.0,AR,1586233335.0,88.0,-26.82,-65.22,64.4,5.82
503,nanning,88.07,83.0,PG,1586233336.0,57.0,-8.75,148.25,88.07,4.63
504,dong hoi,43.0,1.0,US,1586233337.0,24.0,37.35,-108.59,46.4,6.93
505,teahupoo,29.32,13.0,RU,1586233338.0,89.0,59.24,163.07,29.32,3.18
506,fagersta,74.25,19.0,BR,1586233340.0,72.0,-9.84,-39.48,74.25,8.5
507,gizo,45.37,40.0,US,1586233341.0,31.0,39.55,-107.32,50.0,8.05
508,rio gallegos,78.8,0.0,MZ,1586233342.0,83.0,-23.86,35.38,78.8,13.87
509,ixtapa,58.39,3.0,CN,1586233344.0,15.0,40.28,97.2,58.39,4.94
510,taoudenni,81.79,39.0,SO,1586233345.0,75.0,5.35,48.53,81.79,11.56
511,san policarpo,30.42,65.0,IS,1586233346.0,88.0,64.25,-15.21,30.42,20.51
512,kununurra,56.53,82.0,NA,1586233347.0,82.0,-28.55,16.43,56.53,7.29
513,guangyuan,53.83,90.0,US,1586233320.0,100.0,33.16,-117.35,57.99,5.82
514,kogon,50.65,75.0,IT,1586233350.0,93.0,37.21,14.64,55.0,3.36
515,cockburn town,30.99,0.0,CA,1586233351.0,89.0,50.58,-111.89,30.99,4.0
516,henties bay,37.4,4.0,GB,1586233352.0,93.0,55.76,-4.86,39.0,3.36
517,madang,69.39,83.0,CM,1586233353.0,76.0,5.6,14.08,69.39,2.53
518,magaria,86.81,44.0,IN,1586233355.0,63.0,18.3,83.9,86.81,6.69
519,trenggalek,84.09,42.0,PF,1586233356.0,79.0,-17.53,-149.33,84.2,9.17
520,mabaruma,45.41,75.0,US,1586233243.0,81.0,37.34,-121.89,48.2,5.82
521,boali,47.91,74.0,DE,1586233358.0,100.0,51.1,6.5,53.01,1.12
522,tari,26.6,40.0,RU,1586233360.0,92.0,69.41,86.18,26.6,17.9
523,zhuhai,61.83,89.0,CN,1586233361.0,49.0,23.37,104.28,61.83,6.4
524,acapulco,45.0,51.0,US,1586233297.0,56.0,42.34,-71.21,50.0,12.75
525,dalby,80.6,75.0,BR,1586233291.0,100.0,-0.12,-51.29,80.6,3.36
526,jiazi,30.79,0.0,RU,1586233365.0,41.0,50.0,88.67,30.79,1.57
527,westport,76.21,100.0,CI,1586233366.0,91.0,5.79,-6.61,76.21,2.26
528,matay,83.82,38.0,ID,1586233367.0,70.0,4.14,96.13,83.82,4.38
529,macapa,67.73,74.0,BO,1586233368.0,58.0,-19.8,-63.22,67.73,8.72
530,ushtobe,71.76,99.0,CD,1586233370.0,77.0,-6.47,16.82,71.76,0.94
531,buala,70.66,90.0,US,1586233176.0,83.0,30.22,-90.9,73.4,5.82
532,abu zabad,63.41,73.0,CN,1586233372.0,19.0,41.76,86.15,63.41,3.38
533,vrangel,52.65,90.0,US,1586233373.0,71.0,35.59,-119.34,54.0,6.93
534,pau dos ferros,80.98,0.0,SN,1586233374.0,19.0,12.56,-12.17,80.98,4.21
535,padang,78.39,0.0,GW,1586233376.0,70.0,11.28,-15.83,78.39,10.31
536,beloha,62.6,90.0,PT,1586233377.0,100.0,37.73,-25.67,62.6,12.75
537,yanagawa,58.39,90.0,US,1586233378.0,93.0,40.19,-92.58,59.0,7.16
538,royal tunbridge wells,73.4,0.0,MR,1586233379.0,46.0,18.09,-15.98,73.4,10.29
539,san vicente,70.61,90.0,US,1586233381.0,88.0,29.6,-90.72,73.4,6.93
540,whitehorse,82.4,20.0,CO,1586233382.0,83.0,12.58,-81.7,82.4,10.29
541,bonavista,22.73,0.0,RU,1586233383.0,89.0,60.87,60.42,22.73,8.28
542,tombouctou,77.0,82.0,BO,1586233384.0,81.0,-16.37,-58.4,77.0,3.83
543,mansa,20.75,24.0,RU,1586233386.0,90.0,69.3,139.9,20.75,18.52
544,lakes entrance,54.86,50.0,ZA,1586233387.0,63.0,-34.05,23.37,54.86,17.16
545,pimentel,64.54,99.0,TZ,1586233388.0,69.0,-3.83,32.6,64.54,4.56
546,havre,,,,,,,,,
547,penalva,,,,,,,,,
548,balkanabat,,,,,,,,,
549,tucuman,,,,,,,,,
550,popondetta,,,,,,,,,
551,cortez,,,,,,,,,
552,ossora,,,,,,,,,
553,uaua,,,,,,,,,
554,glenwood springs,,,,,,,,,
555,inhambane,,,,,,,,,
556,yumen,,,,,,,,,
557,hobyo,,,,,,,,,
558,hofn,,,,,,,,,
559,oranjemund,,,,,,,,,
560,carlsbad,,,,,,,,,
561,grammichele,,,,,,,,,
562,brooks,,,,,,,,,
563,fairlie,,,,,,,,,
564,betare oya,,,,,,,,,
565,srikakulam,,,,,,,,,
566,tiarei,,,,,,,,,
567,san jose,,,,,,,,,
568,juchen,,,,,,,,,
569,dudinka,,,,,,,,,
570,kaihua,,,,,,,,,
571,newton,,,,,,,,,
572,mazagao,,,,,,,,,
573,kosh-agach,,,,,,,,,
574,soubre,,,,,,,,,
575,meulaboh,,,,,,,,,
576,charagua,,,,,,,,,
577,kasongo-lunda,,,,,,,,,
578,ascension,,,,,,,,,
579,korla,,,,,,,,,
580,wasco,,,,,,,,,
581,kedougou,,,,,,,,,
582,bubaque,,,,,,,,,
583,ponta delgada,,,,,,,,,
584,kirksville,,,,,,,,,
585,nouakchott,,,,,,,,,
586,houma,,,,,,,,,
587,aporawan,,,,,,,,,
588,san andres,,,,,,,,,
589,polunochnoye,,,,,,,,,
590,san matias,,,,,,,,,
591,deputatskiy,,,,,,,,,
592,plettenberg bay,,,,,,,,,
593,kahama,,,,,,,,,
